{"bscn_num_pts": 0.0, "bscn_exp_pts": 68400, "mal": {"total_loss": 1596.7869441509247, "total_correct": 3390, "total": 3800, "evasion": {"total_loss": 1596.7869441509247, "total_correct": 3390, "total": 3800}}, "bon": {"total_loss": 1924.5502190589905, "total_correct": 3283, "total": 3800}}