{"bscn_num_pts": 0.0, "bscn_exp_pts": 68400, "mal": {"total_loss": 730.7699375152588, "total_correct": 3597, "total": 3800, "evasion": {"total_loss": 800.4419660568237, "total_correct": 3572, "total": 3800}}, "bon": {"total_loss": 833.8025238513947, "total_correct": 3387, "total": 3800}}