{"bscn_num_pts": 0.0, "bscn_exp_pts": 68400, "mal": {"total_loss": 764.7083499729633, "total_correct": 3537, "total": 3800, "evasion": {"total_loss": 996644.4423828125, "total_correct": 2, "total": 3800}}, "bon": {"total_loss": 665.2000089883804, "total_correct": 3390, "total": 3800}}