{"bscn_num_pts": 0.0, "bscn_exp_pts": 68400, "mal": {"total_loss": 677.6686625182629, "total_correct": 3542, "total": 3800, "evasion": {"total_loss": 692.5364384353161, "total_correct": 3533, "total": 3800}}, "bon": {"total_loss": 1681.1087503433228, "total_correct": 3424, "total": 3800}}