{"bscn_num_pts": 0.0, "bscn_exp_pts": 68400, "mal": {"total_loss": 764.7083478868008, "total_correct": 3537, "total": 3800, "evasion": {"total_loss": 21698.918573856354, "total_correct": 2547, "total": 3800}}, "bon": {"total_loss": 665.200007379055, "total_correct": 3390, "total": 3800}}