{"bscn_num_pts": 0.0, "bscn_exp_pts": 68400, "mal": {"total_loss": 795.7921085357666, "total_correct": 3495, "total": 3800, "evasion": {"total_loss": 873.5127815008163, "total_correct": 3459, "total": 3800}}, "bon": {"total_loss": 1048.030520439148, "total_correct": 3368, "total": 3800}}