{"bscn_num_pts": 0.0, "bscn_exp_pts": 68400, "mal": {"total_loss": 662.5545696020126, "total_correct": 3579, "total": 3800, "evasion": {"total_loss": 1183.959173798561, "total_correct": 3561, "total": 3800}}, "bon": {"total_loss": 1101.2745017707348, "total_correct": 3394, "total": 3800}}