{"bscn_num_pts": 0.0, "bscn_exp_pts": 68400, "mal": {"total_loss": 623.0391626358032, "total_correct": 3594, "total": 3800, "evasion": {"total_loss": 623.0391635298729, "total_correct": 3594, "total": 3800}}, "bon": {"total_loss": 2369.666106700897, "total_correct": 3052, "total": 3800}}