{"bscn_num_pts": 0.0, "bscn_exp_pts": 68400, "mal": {"total_loss": 795.7921072244644, "total_correct": 3495, "total": 3800, "evasion": {"total_loss": 904.0952359437943, "total_correct": 3452, "total": 3800}}, "bon": {"total_loss": 1048.0305202007294, "total_correct": 3368, "total": 3800}}