{"bscn_num_pts": 0.0, "bscn_exp_pts": 68400, "mal": {"total_loss": 730.7699354737997, "total_correct": 3597, "total": 3800, "evasion": {"total_loss": 1207.9097028523684, "total_correct": 3177, "total": 3800}}, "bon": {"total_loss": 833.802528500557, "total_correct": 3387, "total": 3800}}