{"bscn_num_pts": 0.0, "bscn_exp_pts": 68400, "mal": {"total_loss": 1596.7869420051575, "total_correct": 3390, "total": 3800, "evasion": {"total_loss": 1596.7869362831116, "total_correct": 3390, "total": 3800}}, "bon": {"total_loss": 1924.5502161979675, "total_correct": 3283, "total": 3800}}