{"bscn_num_pts": 0.0, "bscn_exp_pts": 68400, "mal": {"total_loss": 662.5545712709427, "total_correct": 3579, "total": 3800, "evasion": {"total_loss": 1129.2934334278107, "total_correct": 3579, "total": 3800}}, "bon": {"total_loss": 1101.2744905352592, "total_correct": 3394, "total": 3800}}