{"bscn_num_pts": 0.0, "bscn_exp_pts": 68400, "mal": {"total_loss": 623.0391623973846, "total_correct": 3594, "total": 3800, "evasion": {"total_loss": 623.0391644239426, "total_correct": 3594, "total": 3800}}, "bon": {"total_loss": 2369.666114091873, "total_correct": 3052, "total": 3800}}