{"bscn_num_pts": 0.0, "bscn_exp_pts": 68400, "mal": {"total_loss": 677.6686637997627, "total_correct": 3542, "total": 3800, "evasion": {"total_loss": 733.8863742351532, "total_correct": 3513, "total": 3800}}, "bon": {"total_loss": 1681.1087437868118, "total_correct": 3424, "total": 3800}}